,Model,Train Accuracy(%),Test Accuracy(%)
0,genus_hyper_merged_nd,99.95626851134037,94.06335513195121
0,genus_hyper_merged_pc,99.9542807164013,90.22308798293214
