,Model,Train Accuracy(%),Test Accuracy(%)
0,genus_hyper_ind_nd_aug,99.89842341697903,95.04957105184097
0,genus_hyper_ind_pc30_aug,99.89842341697903,95.00617551824281
0,genus_hyper_ind_nd_sep,99.90364566879383,94.60415745245466
0,genus_hyper_ind_pc30_sep,99.90364566879383,94.60047176765443
0,genus_hyper_ind_nd_oct,99.90741831770666,95.6639566395664
0,genus_hyper_ind_pc30_oct,99.90741831770666,95.47543301519971
