,Model,Train Accuracy(%),Test Accuracy(%)
0,species_hyper_ind_nd_aug,99.80686142665026,92.71956470941683
0,species_hyper_ind_pc30_aug,99.80686142665026,92.5726875187769
0,species_hyper_ind_nd_sep,99.81834839198838,92.13474863629662
0,species_hyper_ind_nd_sep,99.81834839198838,92.13474863629662
0,species_hyper_ind_pc30_sep,99.81834839198838,91.84726522187823
0,species_hyper_ind_nd_oct,99.81820324204219,93.34275951455166
0,species_hyper_ind_pc30_oct,99.81820324204219,93.05211892698637
